College Name,County of College
Allan Hancock College,Santa Barbara County
American River College,Sacramento County
Antelope Valley College,Los Angeles County
Bakersfield College,Kern County
Barstow Community College,San Berardino County
Berkeley City College,Alameda County
Butte College,Butte County
Cabrillo College,Santa Cruz County
Calbright College,
Canada College,San Mateo County
Cerritos College,Los Angeles County
Cerro Coso Community College,Kern County
Chabot College,Alameda County
Chaffey College,San Bernardino County
Citrus College,Los Angeles County
City College of San Francisco,San Francisco County
Clovis Community College,Fresno County
Coastline Community College,Orange County
College of Alameda,Alameda County
College of Marin,Marin County
College of San Mateo,San Mateo County
College of the Canyons,Los Angeles County
College of the Desert,Riverside County
College of the Redwoods,Humboldt County
College of the Sequoias,Tulare County
College of the Siskiyous,Siskiyou County
Columbia College,Tuolumne County
Compton College,Los Angeles County
Contra Costa College,Contra Costa County
Copper Mountain Community College,San Bernardino County
Cosumnes River College,Sacramento County
Crafton Hills College,San Bernardino County
Cuesta College,San Luis Obispo County
Cuyamaca College,San Diego County
Cypress College,Orange County
De Anza College,Santa Clara County
Diablo Valley College,Contra Costa County
East Los Angeles College,Los Angeles County
El Camino Community College District,Los Angeles County
Evergreen Valley College,Santa Clara County
Feather River Community College District,Plumas County
Folsom Lake College,Sacramento County
Foothill College,Santa Clara County
Fresno City College,Fresno County
Fullerton College,Orange County
Gavilan College,Santa Clara County
Glendale Community College,Los Angeles County
Golden West College,Orange County
Grossmont College,San Diego County
Hartnell College,Monterey County
Imperial Valley College,Imperial County
Irvine Valley College,Orange County
Lake Tahoe Community College,El Dorado County
Laney College,Alameda County
Las Positas College,Alameda County
Lassen Community College,Lassen County
Long Beach City College,Los Angeles County
Los Angeles City College,Los Angeles County
Los Angeles Harbor College,Los Angeles County
Los Angeles Mission College,Los Angeles County
Los Angeles Pierce College,Los Angeles County
Los Angeles Southwest College,Los Angeles County
Los Angeles Trade Technical College,Los Angeles County
Los Angeles Valley College,Los Angeles County
Los Medanos College,Contra Costa County
Madera College,Madera County
Mendocino College,Mendocino County
Merced College,Merced County
Merritt College,Alameda County
MiraCosta College,San Diego County
Mission College,Santa Clara County
Modesto Junior College,Stanislaus County
Monterey Peninsula College,Monterey County
Moorpark College,Ventura County
Moreno Valley College,Riverside County
Mt San Antonio College,Los Angeles County
Mt San Jacinto Community College District,Riverside County
Napa Valley College,Napa County
Norco College,Riverside County
Ohlone College,Alameda County
Orange Coast College,Orange County
Oxnard College,Ventura County
Palo Verde College,Riverside County
Palomar College,San Diego County
Pasadena City College,Los Angeles County
Porterville College,Tulare County
Reedley College,Fresno County
Rio Hondo College,Los Angeles County
Riverside City College,Riverside County
Sacramento City College,Sacramento County
Saddleback College,Orange County
San Bernardino Valley College,San Bernardino County
San Diego City College,San Diego County
San Diego Mesa College,San Diego County
San Diego Miramar College,San Diego County
San Joaquin Delta College,San Joaquin County
San Jose City College,Santa Clara County
Santa Ana College,Orange County
Santa Barbara City College,Santa Barbara County
Santa Monica College,Los Angeles County
Santa Rosa Junior College,Sonoma County
Santiago Canyon College,Orange County
Shasta College,Shasta County
Sierra College,Placer County
Skyline College,San Mateo County
Solano Community College,Solano County
Southwestern College,San Diego County
Taft College,Kern County
Ventura College,Ventura County
Victor Valley College,San Bernardino County
West Hills College-Coalinga,Fresno County
West Hills College-Lemoore,Kings County
West Los Angeles College,Los Angeles County
West Valley College,Santa Clara County
Woodland Community College,Yolo County
Yuba College,Yuba County
